-- MySQL dump 10.13  Distrib 8.0.42, for Win64 (x86_64)
--
-- Host: 127.0.0.1    Database: db_empresa
-- ------------------------------------------------------
-- Server version	8.0.41

/*!40101 SET @OLD_CHARACTER_SET_CLIENT=@@CHARACTER_SET_CLIENT */;
/*!40101 SET @OLD_CHARACTER_SET_RESULTS=@@CHARACTER_SET_RESULTS */;
/*!40101 SET @OLD_COLLATION_CONNECTION=@@COLLATION_CONNECTION */;
/*!50503 SET NAMES utf8 */;
/*!40103 SET @OLD_TIME_ZONE=@@TIME_ZONE */;
/*!40103 SET TIME_ZONE='+00:00' */;
/*!40014 SET @OLD_UNIQUE_CHECKS=@@UNIQUE_CHECKS, UNIQUE_CHECKS=0 */;
/*!40014 SET @OLD_FOREIGN_KEY_CHECKS=@@FOREIGN_KEY_CHECKS, FOREIGN_KEY_CHECKS=0 */;
/*!40101 SET @OLD_SQL_MODE=@@SQL_MODE, SQL_MODE='NO_AUTO_VALUE_ON_ZERO' */;
/*!40111 SET @OLD_SQL_NOTES=@@SQL_NOTES, SQL_NOTES=0 */;

--
-- Table structure for table `clientes`
--

DROP TABLE IF EXISTS `clientes`;
/*!40101 SET @saved_cs_client     = @@character_set_client */;
/*!50503 SET character_set_client = utf8mb4 */;
CREATE TABLE `clientes` (
  `id_cliente` int NOT NULL AUTO_INCREMENT,
  `nit` varchar(20) COLLATE utf8mb4_general_ci NOT NULL,
  `nombres` varchar(60) COLLATE utf8mb4_general_ci NOT NULL,
  `apellidos` varchar(60) COLLATE utf8mb4_general_ci DEFAULT NULL,
  `direccion` varchar(100) COLLATE utf8mb4_general_ci DEFAULT NULL,
  `telefono` varchar(15) COLLATE utf8mb4_general_ci DEFAULT NULL,
  `fecha_nacimiento` date DEFAULT NULL,
  PRIMARY KEY (`id_cliente`)
) ENGINE=InnoDB AUTO_INCREMENT=2 DEFAULT CHARSET=utf8mb4 COLLATE=utf8mb4_general_ci;
/*!40101 SET character_set_client = @saved_cs_client */;

--
-- Dumping data for table `clientes`
--

LOCK TABLES `clientes` WRITE;
/*!40000 ALTER TABLE `clientes` DISABLE KEYS */;
INSERT INTO `clientes` VALUES (1,'4225467','juan','hernandez','Guatemala','42578','2025-01-15');
/*!40000 ALTER TABLE `clientes` ENABLE KEYS */;
UNLOCK TABLES;

--
-- Table structure for table `compras`
--

DROP TABLE IF EXISTS `compras`;
/*!40101 SET @saved_cs_client     = @@character_set_client */;
/*!50503 SET character_set_client = utf8mb4 */;
CREATE TABLE `compras` (
  `id_compra` int NOT NULL AUTO_INCREMENT,
  `negorden_compra` int NOT NULL,
  `id_proveedor` int NOT NULL,
  `fecha_gridem` date NOT NULL,
  `fecha_ingreso` datetime NOT NULL,
  PRIMARY KEY (`id_compra`),
  KEY `id_proveedor` (`id_proveedor`),
  CONSTRAINT `compras_ibfk_1` FOREIGN KEY (`id_proveedor`) REFERENCES `proveedores` (`id_proveedor`)
) ENGINE=InnoDB AUTO_INCREMENT=22 DEFAULT CHARSET=utf8mb4 COLLATE=utf8mb4_general_ci;
/*!40101 SET character_set_client = @saved_cs_client */;

--
-- Dumping data for table `compras`
--

LOCK TABLES `compras` WRITE;
/*!40000 ALTER TABLE `compras` DISABLE KEYS */;
INSERT INTO `compras` VALUES (20,9,1,'2025-10-23','2025-10-25 00:00:00'),(21,10,1,'2025-10-23','2025-10-25 00:00:00');
/*!40000 ALTER TABLE `compras` ENABLE KEYS */;
UNLOCK TABLES;

--
-- Table structure for table `compras_detalle`
--

DROP TABLE IF EXISTS `compras_detalle`;
/*!40101 SET @saved_cs_client     = @@character_set_client */;
/*!50503 SET character_set_client = utf8mb4 */;
CREATE TABLE `compras_detalle` (
  `id_compra_detalle` bigint NOT NULL AUTO_INCREMENT,
  `id_compra` int NOT NULL,
  `id_producto` int NOT NULL,
  `cantidad` int NOT NULL,
  `precio_unitario` decimal(8,2) NOT NULL,
  PRIMARY KEY (`id_compra_detalle`),
  KEY `id_compra` (`id_compra`),
  KEY `id_producto` (`id_producto`),
  CONSTRAINT `compras_detalle_ibfk_1` FOREIGN KEY (`id_compra`) REFERENCES `compras` (`id_compra`),
  CONSTRAINT `compras_detalle_ibfk_2` FOREIGN KEY (`id_producto`) REFERENCES `productos` (`id_producto`)
) ENGINE=InnoDB AUTO_INCREMENT=21 DEFAULT CHARSET=utf8mb4 COLLATE=utf8mb4_general_ci;
/*!40101 SET character_set_client = @saved_cs_client */;

--
-- Dumping data for table `compras_detalle`
--

LOCK TABLES `compras_detalle` WRITE;
/*!40000 ALTER TABLE `compras_detalle` DISABLE KEYS */;
INSERT INTO `compras_detalle` VALUES (18,21,1,100,7.25),(19,20,1,10,8.20),(20,20,2,105,7.00);
/*!40000 ALTER TABLE `compras_detalle` ENABLE KEYS */;
UNLOCK TABLES;

--
-- Table structure for table `empleados`
--

DROP TABLE IF EXISTS `empleados`;
/*!40101 SET @saved_cs_client     = @@character_set_client */;
/*!50503 SET character_set_client = utf8mb4 */;
CREATE TABLE `empleados` (
  `id_empleado` int NOT NULL AUTO_INCREMENT,
  `codigo` varchar(20) COLLATE utf8mb4_general_ci NOT NULL,
  `nombres` varchar(60) COLLATE utf8mb4_general_ci NOT NULL,
  `apellidos` varchar(60) COLLATE utf8mb4_general_ci NOT NULL,
  `direccion` varchar(100) COLLATE utf8mb4_general_ci DEFAULT NULL,
  `telefono` varchar(15) COLLATE utf8mb4_general_ci DEFAULT NULL,
  `fecha_nacimiento` date DEFAULT NULL,
  `id_puesto` int DEFAULT NULL,
  PRIMARY KEY (`id_empleado`),
  KEY `id_puesto` (`id_puesto`),
  CONSTRAINT `empleados_ibfk_1` FOREIGN KEY (`id_puesto`) REFERENCES `puestos` (`id_puesto`)
) ENGINE=InnoDB AUTO_INCREMENT=4 DEFAULT CHARSET=utf8mb4 COLLATE=utf8mb4_general_ci;
/*!40101 SET character_set_client = @saved_cs_client */;

--
-- Dumping data for table `empleados`
--

LOCK TABLES `empleados` WRITE;
/*!40000 ALTER TABLE `empleados` DISABLE KEYS */;
INSERT INTO `empleados` VALUES (2,'E003','Carlos','Guzman','Guatemala','5024123','2025-01-22',5),(3,'E0005','Azucena','Pérez','Guatemala','5024578','2005-02-03',3);
/*!40000 ALTER TABLE `empleados` ENABLE KEYS */;
UNLOCK TABLES;

--
-- Table structure for table `marcas`
--

DROP TABLE IF EXISTS `marcas`;
/*!40101 SET @saved_cs_client     = @@character_set_client */;
/*!50503 SET character_set_client = utf8mb4 */;
CREATE TABLE `marcas` (
  `id_marca` int NOT NULL AUTO_INCREMENT,
  `marca` varchar(50) COLLATE utf8mb4_general_ci NOT NULL,
  PRIMARY KEY (`id_marca`)
) ENGINE=InnoDB AUTO_INCREMENT=4 DEFAULT CHARSET=utf8mb4 COLLATE=utf8mb4_general_ci;
/*!40101 SET character_set_client = @saved_cs_client */;

--
-- Dumping data for table `marcas`
--

LOCK TABLES `marcas` WRITE;
/*!40000 ALTER TABLE `marcas` DISABLE KEYS */;
INSERT INTO `marcas` VALUES (1,'Sony'),(2,'Samsung'),(3,'LG');
/*!40000 ALTER TABLE `marcas` ENABLE KEYS */;
UNLOCK TABLES;

--
-- Table structure for table `menu`
--

DROP TABLE IF EXISTS `menu`;
/*!40101 SET @saved_cs_client     = @@character_set_client */;
/*!50503 SET character_set_client = utf8mb4 */;
CREATE TABLE `menu` (
  `id_menu` int NOT NULL AUTO_INCREMENT,
  `nombre` varchar(50) COLLATE utf8mb4_general_ci NOT NULL,
  `id_padre` int DEFAULT NULL,
  PRIMARY KEY (`id_menu`),
  KEY `id_padre` (`id_padre`),
  CONSTRAINT `menu_ibfk_1` FOREIGN KEY (`id_padre`) REFERENCES `menu` (`id_menu`)
) ENGINE=InnoDB DEFAULT CHARSET=utf8mb4 COLLATE=utf8mb4_general_ci;
/*!40101 SET character_set_client = @saved_cs_client */;

--
-- Dumping data for table `menu`
--

LOCK TABLES `menu` WRITE;
/*!40000 ALTER TABLE `menu` DISABLE KEYS */;
/*!40000 ALTER TABLE `menu` ENABLE KEYS */;
UNLOCK TABLES;

--
-- Table structure for table `productos`
--

DROP TABLE IF EXISTS `productos`;
/*!40101 SET @saved_cs_client     = @@character_set_client */;
/*!50503 SET character_set_client = utf8mb4 */;
CREATE TABLE `productos` (
  `id_producto` int NOT NULL AUTO_INCREMENT,
  `producto` varchar(100) COLLATE utf8mb4_general_ci NOT NULL,
  `id_marca` int DEFAULT NULL,
  `descripcion` text COLLATE utf8mb4_general_ci,
  `imagen_url` varchar(255) COLLATE utf8mb4_general_ci DEFAULT NULL,
  `precio_costo` decimal(10,2) DEFAULT NULL,
  `precio_venta` decimal(10,2) DEFAULT NULL,
  `existencia` int DEFAULT '0',
  `fecha_ingreso` datetime DEFAULT CURRENT_TIMESTAMP,
  PRIMARY KEY (`id_producto`),
  KEY `id_marca` (`id_marca`),
  CONSTRAINT `productos_ibfk_1` FOREIGN KEY (`id_marca`) REFERENCES `marcas` (`id_marca`),
  CONSTRAINT `chk_existencia` CHECK ((`existencia` >= 0))
) ENGINE=InnoDB AUTO_INCREMENT=5 DEFAULT CHARSET=utf8mb4 COLLATE=utf8mb4_general_ci;
/*!40101 SET character_set_client = @saved_cs_client */;

--
-- Dumping data for table `productos`
--

LOCK TABLES `productos` WRITE;
/*!40000 ALTER TABLE `productos` DISABLE KEYS */;
INSERT INTO `productos` VALUES (1,'ducal',3,'ftijol volteado','https://walmartgt.vtexassets.com/arquivos/ids/856481-1200-900?v=638895841200770000&width=1200&height=900&aspect=true',8.20,10.25,201,'2025-10-26 07:06:42'),(2,'azucar ',2,'Azucar morena','https://www.swisspac.pe/wp-content/uploads/2022/12/Morena-Pure-Cane-Sugar-Packaging.jpg',7.00,8.75,240,'2025-10-26 07:06:42'),(3,'Cereal',3,'cereal bolsa','https://walmartgt.vtexassets.com/arquivos/ids/563063-800-450?v=638578693476000000&width=800&height=450&aspect=true',7.25,8.00,100,'2025-10-26 00:44:38'),(4,'cafe',2,'12154','https://cemacogt.vtexassets.com/arquivos/ids/509297-1200-1200?v=638749224508730000&width=1200&height=1200&aspect=true',7.25,8.12,0,'2025-10-26 00:50:00');
/*!40000 ALTER TABLE `productos` ENABLE KEYS */;
UNLOCK TABLES;

--
-- Table structure for table `proveedores`
--

DROP TABLE IF EXISTS `proveedores`;
/*!40101 SET @saved_cs_client     = @@character_set_client */;
/*!50503 SET character_set_client = utf8mb4 */;
CREATE TABLE `proveedores` (
  `id_proveedor` int NOT NULL AUTO_INCREMENT,
  `proveedor` varchar(100) COLLATE utf8mb4_general_ci NOT NULL,
  `nit` varchar(20) COLLATE utf8mb4_general_ci DEFAULT NULL,
  `direccion` varchar(100) COLLATE utf8mb4_general_ci DEFAULT NULL,
  `telefono` varchar(15) COLLATE utf8mb4_general_ci DEFAULT NULL,
  PRIMARY KEY (`id_proveedor`)
) ENGINE=InnoDB AUTO_INCREMENT=3 DEFAULT CHARSET=utf8mb4 COLLATE=utf8mb4_general_ci;
/*!40101 SET character_set_client = @saved_cs_client */;

--
-- Dumping data for table `proveedores`
--

LOCK TABLES `proveedores` WRITE;
/*!40000 ALTER TABLE `proveedores` DISABLE KEYS */;
INSERT INTO `proveedores` VALUES (1,'Suminiatros y Alimentos','4541579','Av 1','5024123');
/*!40000 ALTER TABLE `proveedores` ENABLE KEYS */;
UNLOCK TABLES;

--
-- Table structure for table `puestos`
--

DROP TABLE IF EXISTS `puestos`;
/*!40101 SET @saved_cs_client     = @@character_set_client */;
/*!50503 SET character_set_client = utf8mb4 */;
CREATE TABLE `puestos` (
  `id_puesto` int NOT NULL AUTO_INCREMENT,
  `puesto` varchar(50) COLLATE utf8mb4_general_ci NOT NULL,
  PRIMARY KEY (`id_puesto`)
) ENGINE=InnoDB AUTO_INCREMENT=6 DEFAULT CHARSET=utf8mb4 COLLATE=utf8mb4_general_ci;
/*!40101 SET character_set_client = @saved_cs_client */;

--
-- Dumping data for table `puestos`
--

LOCK TABLES `puestos` WRITE;
/*!40000 ALTER TABLE `puestos` DISABLE KEYS */;
INSERT INTO `puestos` VALUES (3,'Contador1'),(4,'piloto'),(5,'Gerente');
/*!40000 ALTER TABLE `puestos` ENABLE KEYS */;
UNLOCK TABLES;

--
-- Table structure for table `usuarios`
--

DROP TABLE IF EXISTS `usuarios`;
/*!40101 SET @saved_cs_client     = @@character_set_client */;
/*!50503 SET character_set_client = utf8mb4 */;
CREATE TABLE `usuarios` (
  `id_usuario` int NOT NULL AUTO_INCREMENT,
  `usuario` varchar(50) COLLATE utf8mb4_general_ci NOT NULL,
  `password` varchar(255) COLLATE utf8mb4_general_ci NOT NULL,
  `nombre` varchar(100) COLLATE utf8mb4_general_ci NOT NULL,
  `rol` enum('admin','empleado','invitado') COLLATE utf8mb4_general_ci DEFAULT 'empleado',
  PRIMARY KEY (`id_usuario`),
  UNIQUE KEY `usuario` (`usuario`)
) ENGINE=InnoDB AUTO_INCREMENT=2 DEFAULT CHARSET=utf8mb4 COLLATE=utf8mb4_general_ci;
/*!40101 SET character_set_client = @saved_cs_client */;

--
-- Dumping data for table `usuarios`
--

LOCK TABLES `usuarios` WRITE;
/*!40000 ALTER TABLE `usuarios` DISABLE KEYS */;
INSERT INTO `usuarios` VALUES (1,'admin','$2a$10$abcdefghijklmnopqrstuv','Administrador','admin');
/*!40000 ALTER TABLE `usuarios` ENABLE KEYS */;
UNLOCK TABLES;

--
-- Table structure for table `ventas`
--

DROP TABLE IF EXISTS `ventas`;
/*!40101 SET @saved_cs_client     = @@character_set_client */;
/*!50503 SET character_set_client = utf8mb4 */;
CREATE TABLE `ventas` (
  `id_venta` int NOT NULL AUTO_INCREMENT,
  `no_factura` varchar(20) COLLATE utf8mb4_general_ci NOT NULL,
  `serie` varchar(5) COLLATE utf8mb4_general_ci DEFAULT NULL,
  `fecha_venta` datetime DEFAULT CURRENT_TIMESTAMP,
  `id_cliente` int DEFAULT NULL,
  `id_empleado` int DEFAULT NULL,
  `total` decimal(10,2) DEFAULT '0.00',
  PRIMARY KEY (`id_venta`),
  KEY `id_cliente` (`id_cliente`),
  KEY `id_empleado` (`id_empleado`),
  CONSTRAINT `ventas_ibfk_1` FOREIGN KEY (`id_cliente`) REFERENCES `clientes` (`id_cliente`),
  CONSTRAINT `ventas_ibfk_2` FOREIGN KEY (`id_empleado`) REFERENCES `empleados` (`id_empleado`)
) ENGINE=InnoDB AUTO_INCREMENT=31 DEFAULT CHARSET=utf8mb4 COLLATE=utf8mb4_general_ci;
/*!40101 SET character_set_client = @saved_cs_client */;

--
-- Dumping data for table `ventas`
--

LOCK TABLES `ventas` WRITE;
/*!40000 ALTER TABLE `ventas` DISABLE KEYS */;
INSERT INTO `ventas` VALUES (25,'9','A','2025-10-26 02:04:45',1,2,108.72),(26,'0022','A','2025-10-26 02:08:03',1,2,40.60),(27,'9','A','2025-10-26 02:08:34',1,2,40.60),(29,'0028','A','2025-10-26 02:20:41',1,2,70.00),(30,'0030','A','2025-10-26 02:36:30',1,2,8.75);
/*!40000 ALTER TABLE `ventas` ENABLE KEYS */;
UNLOCK TABLES;

--
-- Table structure for table `ventas_detalle`
--

DROP TABLE IF EXISTS `ventas_detalle`;
/*!40101 SET @saved_cs_client     = @@character_set_client */;
/*!50503 SET character_set_client = utf8mb4 */;
CREATE TABLE `ventas_detalle` (
  `id_detalle` int NOT NULL AUTO_INCREMENT,
  `id_venta` int DEFAULT NULL,
  `id_producto` int DEFAULT NULL,
  `cantidad` int NOT NULL,
  `precio_unitario` decimal(10,2) DEFAULT NULL,
  `subtotal` decimal(10,2) DEFAULT NULL,
  PRIMARY KEY (`id_detalle`),
  KEY `id_venta` (`id_venta`),
  KEY `id_producto` (`id_producto`),
  CONSTRAINT `ventas_detalle_ibfk_1` FOREIGN KEY (`id_venta`) REFERENCES `ventas` (`id_venta`) ON DELETE CASCADE,
  CONSTRAINT `ventas_detalle_ibfk_2` FOREIGN KEY (`id_producto`) REFERENCES `productos` (`id_producto`)
) ENGINE=InnoDB AUTO_INCREMENT=48 DEFAULT CHARSET=utf8mb4 COLLATE=utf8mb4_general_ci;
/*!40101 SET character_set_client = @saved_cs_client */;

--
-- Dumping data for table `ventas_detalle`
--

LOCK TABLES `ventas_detalle` WRITE;
/*!40000 ALTER TABLE `ventas_detalle` DISABLE KEYS */;
INSERT INTO `ventas_detalle` VALUES (41,27,4,5,8.12,40.60),(42,29,2,8,8.75,70.00),(44,26,4,5,8.12,40.60),(46,30,2,1,8.75,8.75),(47,25,1,12,9.06,108.72);
/*!40000 ALTER TABLE `ventas_detalle` ENABLE KEYS */;
UNLOCK TABLES;
/*!40103 SET TIME_ZONE=@OLD_TIME_ZONE */;

/*!40101 SET SQL_MODE=@OLD_SQL_MODE */;
/*!40014 SET FOREIGN_KEY_CHECKS=@OLD_FOREIGN_KEY_CHECKS */;
/*!40014 SET UNIQUE_CHECKS=@OLD_UNIQUE_CHECKS */;
/*!40101 SET CHARACTER_SET_CLIENT=@OLD_CHARACTER_SET_CLIENT */;
/*!40101 SET CHARACTER_SET_RESULTS=@OLD_CHARACTER_SET_RESULTS */;
/*!40101 SET COLLATION_CONNECTION=@OLD_COLLATION_CONNECTION */;
/*!40111 SET SQL_NOTES=@OLD_SQL_NOTES */;

-- Dump completed on 2025-10-26 11:05:29
